movie,start
명량,2014-07-30
극한직업,2019-01-23
신과함께-죄와 벌,2017-12-20
국제시장,2014-12-17
어벤져스: 엔드게임,2019-04-24
베테랑,2015-08-05
아바타,2009-12-17
도둑들,2012-07-25
7번방의 선물,2013-01-23
암살,2015-07-22
알라딘,2019-05-23
"광해, 왕이 된 남자",2012-09-13
신과함께-인과 연,2018-08-01
택시운전사,2017-08-02
부산행,2016-07-20
변호인,2013-12-18
해운대,2009-07-22
어벤져스: 인피니티 워,2018-04-25
괴물,2006-07-27
왕의 남자,2005-12-29
어벤져스: 에이지 오브 울트론,2015-04-23
인터스텔라,2014-11-06
겨울왕국,2014-01-16
기생충,2019-05-30
보헤미안 랩소디,2018-10-31
검사외전,2016-02-03
엑시트,2019-07-31
설국열차,2013-08-01
관상,2013-09-11
아이언맨 3,2013-04-25
캡틴 아메리카: 시빌 워,2016-04-27
해적: 바다로 간 산적,2014-08-06
수상한 그녀,2014-01-22
과속스캔들,2008-12-03
국가대표,2009-07-29
스파이더맨: 파 프롬 홈,2019-07-02
디워,2007-08-01
공조,2017-01-18
트랜스포머 3,2011-06-29
히말라야,2015-12-16
미션임파서블:고스트프로토콜,2011-12-15
밀정,2016-09-07
최종병기 활,2011-08-10
트랜스포머,2007-06-28
트랜스포머: 패자의 역습,2009-06-24
써니,2011-05-04
스파이더맨: 홈 커밍,2017-07-05
1987,2017-12-27
베를린,2013-01-30
마스터,2016-12-21
터널,2016-08-10
어벤져스,2012-04-26
내부자들,2015-11-19
인천상륙작전,2016-07-27
럭키,2016-10-13
은밀하게 위대하게,2013-06-05
범죄도시,2017-10-03
곡성,2016-05-12
화려한 휴가,2007-07-25
"좋은 놈, 나쁜 놈, 이상한 놈",2008-07-17
늑대소년,2012-10-31
군함도,2017-07-26
미션 임파서블: 폴아웃,2018-07-25
웰컴 투 동막골,2005-08-04
다크 나이트 라이즈,2012-07-19
사도,2015-09-16
아저씨,2010-08-04
킹스맨 : 시크릿 에이전트,2015-02-11
미션 임파서블: 로그네이션,2015-07-30
미녀는 괴로워,2006-12-14
전우치,2009-12-23
연평해전,2015-06-24
레미제라블,2012-12-19
인셉션,2010-07-21
캡틴 마블,2019-03-06
타짜,2006-09-28
쥬라기 월드: 폴른 킹덤,2018-06-06
청년경찰,2017-08-09
숨바꼭질,2013-08-14
덕혜옹주,2016-08-03
더 테러 라이브,2013-07-31
쥬라기 월드,2015-06-11
감시자들,2013-07-03
앤트맨과 와스프,2018-07-04
닥터 스트레인지,2016-10-26
검은 사제들,2015-11-05
안시성,2018-09-19
의형제,2010-02-04
블랙 팬서,2018-02-14
2012,2009-11-12
더 킹,2017-01-18
완득이,2011-10-20
트랜스포머: 사라진 시대,2014-06-25
완벽한 타인,2018-10-31
월드 워 Z,2013-06-20
타워,2012-12-25
미녀와 야수,2017-03-16
미션 임파서블 3,2006-05-03
투사부일체,2006-01-19
쿵푸팬더 2,2011-05-26
독전,2018-05-22
추격자,2008-02-14
아쿠아맨,2018-12-19
공작,2018-08-08
인사이드 아웃,2015-07-09
킹스맨: 골든 서클,2017-09-27
바람과 함께 사라지다,2012-08-08
마션,2015-10-08
토르: 라그나로크,2017-10-25
어메이징 스파이더맨,2012-06-28
"님아, 그 강을 건너지 마오",2014-11-27
조선명탐정 : 각시투구꽃의 비밀,2011-01-27
봉오동 전투,2019-08-07
군도: 민란의 시대,2014-07-23
라이온 킹,2019-07-17
범죄와의 전쟁: 나쁜놈들 전성시대,2012-02-02
주토피아,2016-02-17
엣지 오브 투모로우,2014-06-04
신세계,2013-02-21
신비한 동물사전,2016-11-16
도가니,2011-09-22
쿵푸 팬더,2008-06-05
내 아내의 모든 것,2012-05-17
스파이더맨 3,2007-05-01
판도라,2016-12-07
맘마미아!,2008-09-03
캐리비안의 해적: 세상의 끝에서,2007-05-23
가문의 위기(가문의 영광2),2005-09-07
연가시,2012-07-05
터미네이터 : 미래전쟁의 시작,2009-05-21
강철비,2017-12-14
나쁜 녀석들: 더 무비,2019-09-11
아이언맨 2,2010-04-29
해리포터와 죽음의 성물2,2011-07-13
엑스맨: 데이즈 오브 퓨처 패스트,2014-05-22
강철중: 공공의 적 1-1,2008-06-19
아이언맨,2008-04-30
아가씨,2016-06-01
박물관이 살아있다!,2006-12-21
말아톤,2005-01-27
다크 나이트,2008-08-06
어메이징 스파이더맨 2,2014-04-23
용의자,2013-12-24
건축학개론,2012-03-22
인디아나 존스 4 : 크리스탈 해골의 왕국,2008-05-22
미이라 3:황제의 무덤,2008-07-30
댄싱퀸,2012-01-18
7급 공무원,2009-04-22
우리 생애 최고의 순간,2008-01-10
꾼,2017-11-22
타짜-신의 손,2014-09-03
혹성탈출: 반격의 서막,2014-07-10
쿵푸팬더3,2016-01-28
캡틴 아메리카: 윈터 솔져,2014-03-26
캐리비안의 해적 : 망자의 함,2006-07-06
박수건달,2013-01-09
베놈,2018-10-03
매드 맥스: 분노의 도로,2015-05-14
조선명탐정 : 사라진 놉의 딸,2015-02-11
역린,2014-04-30
남한산성,2017-10-03
암수살인,2018-10-03
데드풀 2,2018-05-16
국가부도의 날,2018-11-28
쌍화점,2008-12-30
신기전,2008-09-04
너의 이름은.,2017-01-04
해리 포터와 불사조 기사단,2007-07-11
미이라,2017-06-06
분노의 질주: 홉스&쇼,2019-08-14
분노의 질주: 더 익스트림,2017-04-12
인턴,2015-09-24
라라랜드,2016-12-07
귀향,2016-02-24
리얼 스틸,2011-10-12
신의 한 수,2014-07-03
코코,2018-01-11
태풍,2005-12-14
킹콩,2005-12-14
부러진 화살,2012-01-18
끝까지 간다,2014-05-29
비긴 어게인,2014-08-13
스파이,2013-09-05
해리포터와 불의 잔,2005-12-01
그것만이 내 세상,2018-01-17
어바웃 타임,2013-12-05
토이 스토리 4,2019-06-20
돈,2019-03-20
맨 인 블랙 3,2012-05-24
악인전,2019-05-15
이끼,2010-07-14
한반도,2006-07-13
포화속으로,2010-06-16
슈퍼배드 3,2017-07-26
데드풀,2016-02-17
아이 캔 스피크,2017-09-21
그래비티,2013-10-17
스타워즈: 깨어난 포스,2015-12-17
분노의 질주: 더 세븐,2015-04-01
터미네이터 제니시스,2015-07-02
